question_marathi,option_a,option_b,option_c,option_d,subject,exam_type
"1331 , 2197 , 3375, 4913, ?",4*.)6639,6539,6859,6759,gk,police_bharti
"तीन संख्याची सरासरी 30 आहे त्यांपैकी दुसरी संख्या पहिलीपेक्षा 3 ने जास्त परंतु, तिसरी पेक्षा 6 ने लहान",आहे तर दुसरी संख्या कोणती ?,25,28,2२729,math,police_bharti
"एटठारा)1ः : नी, तर 1५11२0101८: हा शब्द कमा लिहाल ?",(२,ए८०भा09राः,प८०नाप्शार,एटा,marathi,police_bharti
16 जुन 1674 रोजी कोणत्या गडावर शिवरायांचा राज्याभिषेक संपन्न झाला?,राजगड,शिवनेरी,प्रतापगड,रायगड,gk,police_bharti
साबरमतो छ) गंगा 0) यमुना 0७) नर्मदा,इंडीयन सायन्स काँग्रेसचे 108 वे संमेलय कोठे आयोजीत करण्यात आले होते १ 40 मंबई,नागपुर,औरंगाबाद,पुणे 4|9०६९,gk,police_bharti
30 दिवसांच्या एका पहिन्यात पाच शनिवार आहेत. त्या महिन्याचा प्रथम दिवस कोणता असेल ?,रविवार,सोमवार,बुघचार,शुक्रवार,math,police_bharti
"एका सांकेतिक भाषेत गाजर हा शब्द ५591, सुगावा हा शब्द 441, आणि चानर हा शब्द १48 असा लिहिल्यास",सुरज हा शब्द कसा लिहिला जाईल? टं ग,147,4६7.,"798791 ठा । । ""ज्ञान ५ कीं भे रः म 1. नि प",marathi,police_bharti
"एका छायाचित्राकडे पाहत एक माणुस म्हणाला, ""त्या माणसाचा वाप, माझ्या बापाचा मुलगा आहे. सला भाऊ","आणि बहिण नाहीत."" छायाचित्रातील व्यक्तीचे त्या माणसाशी भाते काय ?",मूलगा,मुलगी,भाऊकाका,reasoning,police_bharti
"2, 9, 25, ?, 126, 217, 344 दिलेल्या मालिकेतील प्रश्‍नचिन्हाऐवजी ठेवण्यासाठी सर्वात उचित तर्कसंगत",पर्याय निवडा.,50,65,7082,reasoning,police_bharti
30 दिवसांच्या एका महिन्यात पाच शनिवार आहेत. न्या महिन्याचा प्रथम दिदस कोणता अभ्रेल ?,रविवार,सोमवार,बुधवार,शुक्रयार,math,police_bharti
"तीन मित्र अ,ब ,क एका वर्तुळाकृती भैदानाभोवती धावुन एक फेरा अनुक्रमे 12 ,18,व 20 सेकंदात पुर्ण",करतात तर किती पिनियनंतर ते तिघे प्रारंभ विंदुत भेटतील ?,5मि,8 मि,12 मि3 मि,math,police_bharti
नऊ क्रमवार विषम संख्याची सरासरी 103 आहे तर न्यातील सर्वात मोठया दोन संख्यांची ररासरी काय,असेल?,109,111,110)107,math,police_bharti
"274 , 39 सट ,...?",ह. 2४%,2४/८,४9,४८०,gk,police_bharti
फर्निचरच्या तोन वस्तुची सरासरी किंपत रु 15000 आहे. जर त्या चस्तुंच्या किमतीचे गुणोत्तर 3:5:7 असे,"असल ,तर सर्वांत स्वस्त वस्तुची किंमत किती ?",रु 3000,रु 6000,रु 1२000,math,police_bharti
"एका त्रिकोणाचा पाया 30 सेंमी असुन क्षेत्रफळ 630 चौ.से.मी आहे, तर त्या त्रिकोणाची उंची....सॅमी आहे?",३ २।,63,42,"१4 (डन 54 -[82 -(73 -(15 -2£))] * 37 ,तर 2 बरोबर किती ?1717 0 नं-17 झाला ?8 33 %7.69 ५6.67 %7.14 %",math,police_bharti
'चनादेश' हा शब्द कोणत्या संघीचे उदाहरण आहे ?,स्वरसंधी,विसर्गसंधी,व्यंजनसंधी,हलसंघी,marathi,police_bharti
अधोरेखित शब्दाची विभक्ती ओळखा- 'हे माझे पुस्तक आहे.',सप्तमी,प्रथमा,संबोधन,षष्टी,marathi,police_bharti
“सुतोवाच करणे” या वाक्प्रचाराचा योग्य अर्थ ओळखा.,0 पर्वी करणे,संपविणे,प्रारंभ करणे,दोर्ष देणे,marathi,police_bharti
खालीलपैकी देशी शब्द ओळखा.,अर्ज,खाना,बटाटा,घोडी,marathi,police_bharti
"पुढील वाक्याचा प्रकार ओळखा... ""गुरुजी म्हणाले, की प्रत्येकाने नियपितिपणे शाळेत यावे.'",केवलवाक्‍्य,मिश्रवाक्य,संयुक्‍्तवावर्य,यापैकी नाही,marathi,police_bharti
पुढील॑ वाक्यातील प्रयीग ओळखा. ' शिपायाकडून चोर पकडला गेला.,कर्म कर्तरी,समापन कर्मणी,भावे प्रथीग,शब्द कर्मणी,marathi,police_bharti
“लहानपण दे गा देवा ! मुंगी साखरेचा रवा,ऐरावत रत्न थोर| त्यासी अंकुशाचा मार | * या पर्य पंक्तितील अलंकार ओळखा.,उपमा,दृष्टांत,उत्प्रेक्षाअतिशयोक्ती,marathi,police_bharti
"खालीलपैकी योग्य पर्याय निवडा:. किंवा, 'अथव', 'वा', 'की' ही ----------*-- उभयान्वयी अव्यये आहेत.",समुच्ययबोधक,परिणामबोधक,विकल्पबोधक,न्यूनत्ववोधर्क,marathi,police_bharti
2007 सालची दिनर्दाशिका पर्याषातून निर्देशित केलेल्या पेकी सालाप्रमाधे 0) 9,"निवडा, पैको ज्या सालाप्रमाणे अत्ेल ते दाखवणारा पर्याय",2017,२016,२015 कः,math,police_bharti
पुढील संख्यामालेत्त 2८ च्य जागी कोणती,"3, 7, 15, अ, अ, 127, 255, 511",59,60 संख्या असेल? -,62 या63 617० प्र,math,police_bharti
खालच्या व वरच्या ओठाचा उपयोग करून जे वर्ण आपण उच्चारतो त्यांना ................ वर्ण म्हणतात.,_अ> ओऔओष्ठय,दंत्य,मूर्यन्य,तारण्य,marathi,police_bharti
"यशोधन, तपोबल, मनोरंजन, नभोमंडल ही कोणत्या संधीची उदाहरणे आहेत.",गुणादेश,विरार्ग लोप संधी,- विरार्ग उकार संधी,यणादेश“आनंद कामावर रूजू झाला * वाक्यातील अथोरेखीत शब्दाचा नामावा प्रकार ओळखा.,marathi,police_bharti
"चिल्ली पिल्ली, सार, मठठा * हे शब्द कोणत्या भाषेतील आहेत.",तेलुगु,गुजराती,तमिळी ड,कानडी,marathi,police_bharti
महाराष्ट्रात इंग्रजाविरूदध सशस्त्र लढा सर्वप्रथम कोणत्या कांतीवीराने दिला ?,वासुदेव बळवंत फडके,बाफंकर बंधु,"वि.दा,सावरकर ड",चंद्रशेखर आझाद,gk,police_bharti
महाराष्ट्रामध्ये अकोला जिल्हामध्ये एकुण किती विधानसभा सदस्य आहेत?,सहा नहर पाच,सात,आढ छो महाराष्ट्र विधीमंडळाची. वर्षातून कमीत कमी किती अधिवेशने होतात ? 39 दोन,तीनचारएक,gk,police_bharti
एका दुध संकलन केंद्रावर ८०५ लिटर गाईचे दुध व ९१५ लिटर म्हशीचे दुध संकलन केले. त्यापैकी,१५७५ लिटर दुधाची विक्री केली तर किती लिटर दुध शिल्लक राहील ?,५७५५ चब १४५ _ ६,२१७,४४५ न र सिन,math,police_bharti
पाच अंकी मोठयात मोठी सम व चार अंकी लहानात लहान विषम संख्यातील फरकातील सर्व,अंकांची बेरीज पुढीलपैकी कोणती ? 5559 पै 152,४४,छ्रे 7ळु्टडडच 4 जू ग्र कोट ४र,४१,math,police_bharti
एका दुध संकलन केंद्रावर ८०५ लिटर गाईचे दुध व ९१५ लिटर म्हशीवे दुध संकलन केले. त्यापैकी,१५७५ लिटर दुधाची विक्री केली तर किती लिटर दुध शिल्लक राहील ? (५,जजन -ब्छेट. १४५ _205_ डड > 2-2,. २१७,... ४४५ _प्-,math,police_bharti
पाच अंकी मोठयात मोठी सम व वार अंकी लहानात लहान विषम संख्यातील फरकातील सर्व,अंकांदी बेरीज पुढीलपैकी कोणती ? 5319 पै,४४,४३ -डदुष्टठठन 4 पेटा घर,प,math,police_bharti
"रंगारावांनी फेब्रुवारी १९९६ मध्ये दररोज दिड लिटर दुध घेतले, दुधाचा दर ३६ रुपये प्रतीलिटर.",होता तर त्यामहीन्यात त्यांनी दुधावे एकुण किती रुपये बिल दिले असेल ? 1२% 9 4. «2-5 6.5,१५१२ -बोट १५६६ ०-८,__ १६२०,१६७४ _ >,math,police_bharti
एका वस्तुच्या किंमतीत सुरुंवातीरा २० टक्के कपात कोली नंतर १९ टक्के वाढ लस त | मुळच्या,किमतीत किती टक्के फरक पडेल ? । न्ग्‌द्रर 1 ह.,अ) १०दक्के कमी,टक्के जास्त 88,१२टव्केकमी१२ टक्के जास्त,math,police_bharti
एक सैनिकी तळावर १०० सैनिकांना १० दिवस पुरेल इतके रेशन डे. आहे.,आणखी ६० सैनिक तळावर येतात. तर राहीलेले रेशन आणखी किती दिवस पुरेल ?,,. ६ नर आ द्‌,५४ जत ऱ्,math,police_bharti
"जगदीश, राजेश व पंकज यांनी सुरु केलेल्या सॉफ्टवेअर व्यवसायात ८४०0०० रुपयाचा नफा झाल","त्यांनी अनुक्रमे २ : ३: ७ या प्रमाणात नफ्याचे वाटप केले, तर राजेशचा वाटा किती रुपये ?",१४०००,- २१००० -&-4 ०००,४९०००२८००० त-००6 *(3,math,police_bharti
"गणपतरावाने २२५० रुपयांचे कर्ज ५ हप्त्यात फेडले, प्रत्येक हप्ता मागील हप्त्यापेक्षा ५० रुपये",अधिक होता तर पहीला हप्ता किती रुपयांचा होता ? 45०. हि,५५०,४५० ४3० १४-5९ ्चाभ< साचते ३५०,४०० तीर.,math,police_bharti
एका शेतात काही गाई व काही गुराखी आहेत. गाई आणि चाचा पायाची एकुण संख्या ९८,आहे व डोक्‍्यांची संख्या २६ आहे तर त्याठीकाणी गाई व गुराखी किती आहेत? (पट्‌,"२४,२",". २०,६ २2-51 4१% 1 व आन.","२७,१ -झ- २३,३ डि ठे",math,police_bharti
एका दौरसावी परीमिती ६०-से.मी. आहे. तर त्याचे क्षेत्रफळ किती चौरस से.मी. आहे ?,-अ- २२५,४७०,,३६०,math,police_bharti
६मीटर लांब व ४ मीटर रुंद अशा खोलीमध्ये २० से.मी. लांब व २० से.मी रुंद मापाच्या किती,फरशा बसतील ? ऱ्ड 0 नी > ०,न मन,<कोर ६००,५००,math,police_bharti
राम पूर्व कडे तोंड करुन उभा होता तो मागे फिरला व पुन्हा उजव्या बाजुने 90१ च्या कोनातून वळला.,तर सध्या त्याचे तोंड कोणत्या दिशेने असेल ? की प,पर्व,पश्‍चिम री. 3,"उत्तरदक्षिण,",reasoning,police_bharti
राहुल हा वर्गामध्ये गुणानुक्रमे नववा असून खालून अडतीसाव्या क्रमांकावर आहे. तर त्या वर्गातील,मुलांची संख्या किती ? -उष्ुलन 4,४५ <-ब्छे- ४६ ए्‌ र ८६,४७,४८. -्श्ल्ऱा,math,police_bharti
झानीण भागात रोजगार निर्म!तीजनक योजना सुरु कराव्यात.,फक्न र योज्य,फ्त ३योज्य,फक्‍त १व ३योज्य,फक्त २ द ३ योज्य,gk,police_bharti
"जर&हा€ पेक्षा जलद धावतो, परंतु 0 एवढा",नाही. तर सर्दात जलद धावणारी व्यकती कोण ? _ ट्‌ स,रि ० न्य ध्य ह,- 8,टभा,reasoning,police_bharti
। पाऊस या शब्दाचे सामान्य रुप कोणते ? ----,[अरा तिसच्या च 3 | [ परका,पाऊस -,पावसाची,पावसाळा,marathi,police_bharti
कंकयीला दशरथने दोन बर दिले. अघोरेखित शब्दाची जात ओळखा,[ल ल चे शब्दबौगी >,नाभ,किगपड गु [न| [सवना,सर्वनाग य,marathi,police_bharti
। 'आडरानात शिरणे' या वाक्यप्रचाराचा योग्य अर्थ सांगा.,गाकडयात शिरणे,बेड पांघरणे,॥ मुळाला सौडून जाणे _,] अज्ञान दाखविणे,marathi,police_bharti
"। स.ला.ते,-स,ला.ना.ते हे प्रत्यय कोणत्या विभकक्‍्तीचे आहेत ?",म [अना,सृत्ीया,चगुर्थी र,पंचमी,marathi,police_bharti
"अनालीचे डोळे माशासारखे आहेत, म्हणुन तिला सर्व ................... म्हणतात.",मूगनयना,गीनाक्षी,[ खनव सुनयना,सुलोचना “उन्नती” या शब्दाचा विरुध्दार्थी शब्द कोणता ? ली| अविनाशी. | अवनती| म्मीती [क | अराचिन,marathi,police_bharti
क गुलाबी उषा म्हणजे परमेश्वराचे ऐम जणू या उदाहरणाचा अलंकार ओळखा.,डी 7 वा 81...” ना तिबाा,उपमा,[रू अइ ्ॅ,दृष्टांत ॥| न,marathi,police_bharti
दर्‍विगु डो [आईक काही जाही,ब डिल्डी कलिल्ल्नानाळटळ्ना [बा चि देशपांड र्त बामन शिरवाडकर,क हल राम आंबा खातो.' या वाक्यातील प्रयोग औळखा. ळक क झर ता,] [बॅन,"जिल डड, ह ह ओऔळखा ?",marathi,police_bharti
] शक्‍य (ब) | प्रयोजक [छी],"मुख्य काळ किती आहेत? ""_ 1७७] [देने 1ढ्ा[केन [",चार पढील केवलप्रयोगी अब्ययांची चुकीची जोडी असलेला पर्याय ओळखा .,"मौनदर्शक -चूप, गप","हर्षदर्शक - वा, अहाहा |[ विर विद्यापीठ प्रसिध्द आहे.” या वाक्याचा प्रय ओळखा. टा.",marathi,police_bharti
पुढील पैकी कोणती फोर्स नक्षलविरोधी कमांडो फोर्स नाही?,ग्रेहाऊंड,सी-६०,फोससंबन,कोब्राहिमोग्लोबिन तयार होण्यासाठी कशाची आवश्यकता असते?,science,police_bharti
महाराष्ट्र राज्यातील सर्वांत मोठा जलविद्यूत प्रकल्प कोणता?,कोयना,भंडारदरा,भिवपुरी,दुधगंगा[७- 5टभ01€0 एपी 01९६1 $टभाशा,gk,police_bharti
मनुअंतर 8) मन्वांतर 0) मन्वंतर 0) यापैकी नाही,"वाचनालय या शब्दाच्या संथीचा विग्रह खालील पैकी कोणता,",वाच1-नालय,वाचन4-आलय,बाचना4--आलयबाचन4-अलय अयोग्य जोडी ओळखा.,math,police_bharti
५ 58) ६ 0) २५ 9) १८,बै.1-12-:::-1249,38) ३६,४८,री 2( ची किंमत काय? थु 3,math,police_bharti
8) २५ 0०५ 0) १२,हा टा |_ _।,! न,0) णः,पाऊस ---> नदी असेल तर॒ ? ---> अवजार?,gk,police_bharti
मुंबई 8) पुणे 0) नागपूर 0) नाशिक,पुढीलपैकी कोणत्या ठिकाणी मुंबई उच्च न्यायालयाचे खंडपीठ बसत नाही ?,मुंबई,नागपूर,पुणेऔरंगाबाद महाराष्ट्र पोलीसांचे ब्रिदवाक्य कोणते ?,gk,police_bharti
राष्ट्रसेबा जनसेवा 0) सदैव सेवेत,महाराष्ट्राचा क्षेत्राफळानुसार सर्वात मोठा जिल्हा कोणता ?,नाशिक,अहमदनगर,लातूरजालना शुन्याचा शोध कोणी लावला?,gk,police_bharti
खालील पेकी योग्य विराम चिन्ह असलेले वाक्य ओळखा.,"सोड, मला! तो जोराने ओरडला","सोड मला, तो जोराने ओरडला.","“सोड मला."" तो जोराने ओरडला.",“सोड मला?” तो जोराने ओरडला,marathi,police_bharti
खालील पेकी अशुदध शब्द ओळखा,शिपाई,शुद्दीपत्र,सिह,स्मृती,marathi,police_bharti
"2224, ४४४७, १९3९3१९. ?",४७७),19009४,2ए्ट्रा),2९९४2. डी,gk,police_bharti
8) १० (७2 0) ६२,टेलिस्कोप : तारे :: मायक्रोस्कोप : ?,सुं,चंद्र,संटेलाईटबॅक्टेरिया (1६4) [७- 5टभ01€0 एपी 01९६1 $टभाशा,gk,police_bharti
खालीलपैकी कोणत्या ठिकाणी पोलीस आयुक्तालय नाही?,सोलापूर,नाशिक,अमरावती,नांदेड,gk,police_bharti
व्हीटॅमीन सी कोणत्या फळात सर्वात जास्त आढळते?,र,संत्री,गाजर,केळटरबूज,gk,police_bharti
आजपासून पाच वर्षांपुवी मोहन आणि त्याचा मुलगा रवि यांच्या वयाची बेरीज,२4 मोहनच्या आजच्या वया इतकी असेल तर रविचे आजचे वय काय आहे. ? ञ्ऱ्ऱ ।,५ वर्षे,६१० वर्षे,१५ वर्षे२० वषे त टि 0४8० का श्र र्ट ट्र १? न -£ 1 शी 600१र्म,math,police_bharti
इंदोरा गांधो - शक्‍तोस्थळ 0) लाल बाादूर शास्त्रा - बिजप घाट,- लत कपी तालुक्यांची संख्या असणारा जिल्हा कोणता ? टे ळे,नंदुरबार,हिंगोली,बाशिम,math,police_bharti
"8.8.1 ७) १४9/२9 €) सावकार ७) 1१.8.,",_55. २१ जून हा दिवस जागतीक स्तरावर काय म्हणून साजरा केला जातो. ?,अमंलोपदार्थ विरोधी दिन 94 योग दिन,लोकसंख्या दिन,शांतंता दिन,math,police_bharti
हॉसिणो 0) यापैकी नाही,शब्दांची रुपे दोन्ही लचनो सारखीच असतात ?,सासु,बासरु,बहीण बिभक्‍्तोचे दोनी प्नातोल प्रत्यष सारखेच आहेत ?,marathi,police_bharti
खोलोलपैकी योग्य शब्द ओळखा ?,कोटयाघोश,कोटयघौश,कोट्याधिश,कोट्यधिश,marathi,police_bharti
पराधोन 9) पारतंत्र €) पराबलंबी ._ 09) पतिष्ठॉपित,",_93. सर्वत्र सारखी परिस्थितो असणे ' यासाठी खालील दिलेल्या म्हणोतून ग्रोग्प म्हण निवडा ऱ् क्ल्य",पदरी पडले पते | पाने तीन,लच दिवस 0 अल्क करणे,लागन करणे हैएखादया गोष्टीवर केलेलो खोचक टोका $5टक्षा&4 एप 0क्षो5$टक्षाक्ष,science,police_bharti
१६ र) ६८५ ३) ४:५ ४) १:११,ने,"- 'ब' हा 'अ' ला म्हणाला की तुझी आई माझ्या आईची सुन आहे, तर 'ब' ची मुलगी “अ” च्या भावाची कोण? से भाची",आत्या,बहीणमावद्ची,reasoning,police_bharti
"रुपेश, दिनेश व महेश यांचे सरासरी वजन १५ किलो आणि त्यांच्या वजनाचे गुणोत्तर अनुक्रमे","२:३:४ आहे तर रुपेश, दिनेश, महेश यांचे वजन किती ? र ३१०,१५,२०",र १५२०,"१०,२०, १५","२०,३०,१५",math,police_bharti
मंगळवार २) बुधवार &) सोमवार ४) शनिवार,"क खेळाडूचा खालून २० वा आणि वरून २५ वा क्रमांक आहे, तर त्या स्पर्धेत एकूण किती खेळाड १ ह हो चि",४५,४६,डेरे,reasoning,police_bharti
गटात न बसणारे पद ओळखा -,कापूस,नायलॉन,रेशीम,ताग,gk,police_bharti
प्रश्नात दिलेल्या विशिष्ट गटातील शब्दांचा योग्य क्रम लावल्यास मधोमध कोणता शब्द येईल? -,"दतक, सहस्त्र, दशक, लक्ष, दशसहस्त्र /&0 सहस्त्र",शतक,दशसहस्त्र,दशकएका सांकेतिक भाषेमध्ये (1(श९ाऱा' : &€न ४131911950) असेल तर 0७1: इ शे,marathi,police_bharti
दोन स्वरांचे एकत्रीकरण ४) व्यंजनामधून स्वर काढून टाकणे,पुढील पैकी संयुक्त स्वर कोणते ?,"आ, ई, ऊ, ओ","अ, इ; ई> :ड","अबक क,च्‌,त्‌,ट,प्‌ यागटातील व्यंजनांना काय म्हणतात?",marathi,police_bharti
यगईंच्या किल्याचा प्रकार फोणतला ?,,गिरिदुर्ग,भूईकोट,डॉगरी कल्ला 131 स्दीपदर्ग,math,police_bharti
कललम 34 2 क,जत मोरी क,कलम 423,कतलम 234,कतलम 324 गो | भारताचे जलपुरूष या नाषाने. ओळखले जाणारे - यांनी राजस्थान येथे जलक्रांती घडवून आणली.,gk,police_bharti
इंग्रज- फ्रेंच 1) इग़रज्- पोतुगीज ९) फ्रेच-डच 13) फ्रेंच -पोर्तुगीज,वेशच्वाचे इंग्रजांशी तैनाती फीजेचा करार केला.,माई माघद्यराव,घेशदे नानामाहेच,दुसरा द्याजीराय,marathi,police_bharti
11 मिली व्होल्ट ऱू्‌ ह न,णी,10९७,101७,10” ७,gk,police_bharti
। अ दलन तरंग प्रसरणाच्या दिशेने ल॑ब्चत असलाल न्यास - म्हणतात.,_,अनुतरंग,अवतरंग,तरगलार्डी!तरंगकाल,marathi,police_bharti
। जल्द्धेष (113 0170901॥0019) हे कोणत्या मेगाचे महत्वाचे लक्षण आहे?,____॥4) इंग्यू,म्दाइंन फत,र्दीज,"दृदयचिफार बा| समस्यानिकामध्ये असले.न्यूट्रॉनाची संख्या समान, परंतू प्रोर्टोनची मंख्या भिन्न",math,police_bharti
ब्दीपकल्प * या शब्दाचा अर्थ असलेला खालील योग्य पार्याय निवडा.,4») ज्याच्या तीन बाजूंना पाणी आहे असा प्रदेश,दोन नदयामधील प्रदेश.,चारही बाजुंना पाणी असलेले,बोटी थाचण्याचे च मुटण्याचे टिकाण,marathi,police_bharti
तिने अर्थत जिंकली पण बदशीस मिळाले नाही.,___।,उद्गारचिन्,अचतरणांसून,अर्घयिराम-,marathi,police_bharti
खालीलपैकी कोणत्या पणास *सर्ल्स 'पण॑ म्हणतान. र,____।4*)दत्य ख्र्णा,तात्लच्य चरण __ €,दॅतनातलच्य खर्णी,मुपंन्य चण,marathi,police_bharti
खालीलपैकी शब्दांची कोणली जात अधिकारी आह.,,र्चनाम,चिशषण,क्रियापद _क्रियाचिशेषणण अच्यय__,marathi,police_bharti
"वाक्याच्या शैवटी तपशील दयाययाचा असल्यास, पुढीलपैकी कोणते विरामचिन्ह वापरतात?",अपूर्ण विराम,लोप चिन्ह,मंयोग चिन्हे,अपसरण चिन्ह यहा | खालीलपैकी व्याकरण दृष्ट्या शुद्ध शब्दाचा पर्याय निवडा.,marathi,police_bharti
"एका यस्तूवर दृकानदार ग्राहाकास 8% सूट देतो, तरीही त्यास 15% नफा होतो. नी न्षो","पस्तूची छापील किमत 1750 रुपये असेल, तर ली घस्तू दुकालदाराने किली किमतीतला खेडी केली असेल?",1200,1400,15001800,math,police_bharti
(४.8) ६5 (2015 च ?,16 ४20,0,"23"" ५101",0।,gk,police_bharti
1०.०० मी.लांबीच्या तारेतून 9 सेमी ज्‌ तुफडा कापून घेतल्यास उरलेल्या तारेची लांची किली,असला?,9.09 मी.,.५ मी.,"0.99 मी.9.00 मी. जो शी 1 पुढील संख्यांचे मध्यमान किली? ग 45.25, 10.35,20,25,44",math,police_bharti
इंद्रजितने एक वस्तू 1308 रुपयांस विकल्याने शैकडा 9 नफा झाला तर वस्तुची खरेदी किंमत,किती? 4“) ।॥50₹रु,1200 रु,1100 रु,४00 रु,math,police_bharti
। फत्फार उदात राजापठ एठारडा पएफ्फत्ा,वरील इंग्रजी अक्षरमाला पाहून गटातन बसणाऱ्या जोडीचा पर्याय क्रमांक लिहा.,1,177,“७1:1९1५,reasoning,police_bharti
एका रांगेत मिनाक्षी डावीकडून 12 व्या स्थानी उभी आहे.तिच्या उजवीकडे 4 थ्या क्रमांकावर,उभ्या असणा-या मीराचा उजवीकडून 10 चा क्रमांक आहे.तर रांगेत एकूण मुली किली ? ्,24,35,25 एका वर्षी । ऑगस्टला गुरुवार होता तर त्याच वर्षातील बालदिन कोणत्या वारी आला असेल?,reasoning,police_bharti
खालील संख्या मालिकेत प्रश्‍नचिन्हाच्या जागी कोणती संख्या येईल ?,"7, 26, 124, ?, 1330",511,90०९) 342,729,reasoning,police_bharti
पहिल्या दोन संख्यांचा समसंवंच लक्षात घेऊन ननॉपळचया ब्न्मौ,86३9 २:58 कशात घेऊन प्र: टिकाणी येणारी संख्या शोधा. न,30,32 ९0034 _ पा,- __1)36 सकाळी कल वाजल्या पासून दुपारी 2 वाजे पर्यंत मिनिटिकाटा लार काटयाला किली पेला ओलांडतो?,math,police_bharti
"एक माकड 10 मिटर खांबावर एका प्रयत्नात 2 मिटर यर चढते य 1 मिटर खाली घसरते, त्या",माकडाला 10 मिटर खांबावर सर्वप्रथम पोहचण्यास किती प्रयत्न करावे लागतील ? की 11,15,85,9,math,police_bharti
"। 0०8, 51.0४ < 64, €01<>27,तर ?एास्टाहव्डाटच्? र",”,512,517,530542,gk,police_bharti
"। जर *मगन* हा शब्द 527 असा लिहिला, *गरज* हा शब्द 246 असा लिहिला य *मकर' हा",शब्द 347 असा लिहिला. लर त्या भाषेत *गरम* हा शब्द कसा लिहाल ?,257,२243,2२417245,marathi,police_bharti
सकाळी 10.30 भिनीटांनी निघालेला लाशी 24 कि.मी. येगाने घायणारा सायकल स्वार प्रत्येक,"तासाला 10 मिनीटे विश्रांती घेतो, लर 120 कि.मी. अंतरावरील गांवी तो किती वाजता पोहचेल?",2.20 दाजता,3.10 घाजता,1.30 वाजता2.10 पाजता [७- 5टभ01€0 एपी 01९६1 $टभाशा,math,police_bharti
".. 18 16, 28, शे, 200",120,115,72,10,gk,police_bharti
सर्व मासे कासव आहेत. काही गगर मारो आहेत.,निष्कर्ष :-,काही मगर कासव आहेत.,कोणतेही कासव मगर नाही.,निष्कर्षयोग्यनिष्कर्षयोग्यदोन्ही योग्यएकही नाही.,reasoning,police_bharti
मीना ब टीना यांच्या आजच्या वयाचे गुणोत्तर अनुक्रमे 8 : 9 आहे. व त्यांच्या वयाची बेरीज 42 वर्ष असल्यास,मीनाचे आजपासुन पुढे 5 वर्षांनी वय खालीलपैकी किती अरोल ? 1,16 वर्ष,श॑ वर्ष,15 बर्ष20 वर्ष,math,police_bharti
"तिन दिवे अनुक्रमे 15, 18 आणि 20 सेकंदाच्या अंतराने चमकतात तर ते तिन्ही दिवे एकत्र चगकायला किती वेळ लागेल ?",4 मीनिट,3 मीनिट,7 मीनिट,$ मीनिट,math,police_bharti
अनुच्छेद 3 ब) अनुच्छेद 34 भेळ ड) अनुछेद 35,आमपंचायत सदस्यसंख्या कमीतकमी... .... ते जास्तीतजास्त... इतकी असते? औञते15,8ते 18 को&ते16 डो7ते17 कृष्रोगाला दुसऱ्या कोणत्या नावाने ओळखतात ?,हॅनसेन विकार,हॉगकीन विकारहेपाटेटिसहिमोक्रोगॉटिसिस महाराष्ट्र गुप्तवार्ता प्रबोधनी कुठे आहे ?,math,police_bharti
लोथल हे शहर तेथील प्राचीन ....प्रसिद्ध आहे.,£0 शेतीसाठी,गोदीसाठी,कापडासाठी,हत्यारांसाठी.,marathi,police_bharti
जगप्रसिद्ध कैलास मंदिराची निर्मिती ........काळात झाली.,चालुक्य,पल्लब,चोल,राष्ट्रकुट.,marathi,police_bharti
राजा राम मोहन दाय यांनी .......... प्रथेविरुद्ध ईंग्रजी भाषेत पत्र लिहिले.,जातीप्रधा,बालविवाह,सती,पडदा पद्धती.,gk,police_bharti
डॉ. बी. आर.आंबेडकर यांनी संविधानाच्या कोणत्या कलमास भारतीय संविधानाचा आत्मा,आहे?,कलम 19,कलम 21,कलम 51कलम 32.,gk,police_bharti
भारतात केंद्रीय कॅबिनेटचे अध्यक्ष कोण असतात ?,राष्ट्रपती,लोकसभा,सभापती,पंतप्रधान.,gk,police_bharti
"वेगळा घटक ओळखा,",भारतीय वनस्पती -,देवदार,अंजन,ऑर्किडवड,science,police_bharti
खालीलपैकी कोणती नदी ही गोदावरी नदीची उपनदी नाही ?,मांजरा,वैनगंगा,पैनगंगा,पंचगंगा.,gk,police_bharti
कार्य घडून येण्यासाठी ऊर्जा...... व्हावी लागते.,स्थानांतरित,अभिसारित,क्यांतरित,नष्ट,math,police_bharti
मानवी शरीरात पित्त हे ................या अवयवात तयार होते.,मूत्रपिंड,लाळ ग्रंथी,यकृत,फुप्फुस,science,police_bharti
खालीलपैकी कोणते राज्य दिव्यांग विभाग स्थापन करणारे पहिले राज्य आहे ?,कर्नाटक,महाराष्ट्र,उत्तर प्रदेश,हरियाणा,gk,police_bharti
प्रोजेक्ट चित्ता अंतर्गत कोणत्या देशातून भारतामध्ये चित्ते स्थलांतरित करण्यात आले आहेत?,इराण,नामिबिया,रांझानिया,नायजेरिया,gk,police_bharti
खालीलपैकी कोणता देश हा सार्क चा सदस्य नाही.,नेपाळ,मालदीव,चीन,अफगाणिस्तान,gk,police_bharti
96 बे अखिल भारतीय मराठी साहित्य संमेलन कोठे पार पडले ?,नागपूर,वर्धा,चंद्रपूर,यवतमाळ,gk,police_bharti
संत दामलुजाचार्य यांचा 818106 ० €५००॥४/ (समतेचा पुतळा ) कोठे उभारण्यात आला आहे ?,50 अहमदाबाद,अलाहाबाद,हैद्राबाद,विशाखापट्टनम,math,police_bharti
४25 8) 28ात जटा ४125),उप. म. ऱ्य,जर शा? - छा * 7 या बहुपदीची किंमत (“1 असताना 10 असेल तर 8 ची किंमत काढा उ,3,20) 5 शर्व,math,police_bharti
» आणि 8 चे सध्याचे बय क्रमश: 30 वर्षे आणि 16 वर्षे आहे. किती वर्षांनंतर & चे वय 8 च्या,वयाहून दुप्पट होईल .,1 वर्ष,2 वर्ष,3 वर्ष4 वर्ष,gk,police_bharti
दोन संख्याची बेरीज 103 आहे. जर मोठया संख्येला लहान संख्येने भागले तर भागाकार 2 येतो ब,वाकी 19 उरते तर त्या संख्या शोधा,75व28,73व30 074व29,यापैकी नाही,math,police_bharti
एक चाक 88 किमी अंत कापायला 1000 चक्कर लावते . तर चाकाची त्रिज्या किती आहे.,7 मीटर,12 मीटर,14 मीटर,20 मीटर,math,police_bharti
मराठी भाषा लेखनासाठी ......... लिपीचा वापर करतात.,/£.) देवनागरी,ब्रह्मी,सकळा,सुंदरा,marathi,police_bharti
गाळलेला शब्द भरा.,अब्ययालाच म्हणतात.,विकारी शब्द,पद,अविकारी शब्दविकृती.,marathi,police_bharti
शहाणा - शहाणपणा हे कोणत्या प्रकारचे नाम आहे ?,4») भाववाचक नाम,विशेष नाम,समुदाय वाचक नाम,सामान्य नाम,marathi,police_bharti
'कवी' या शब्दाचे स्त्रीलिंगी रूप पुढीलपैकी कोणत्या पद्धतीने होते ?,कवी,कवियत्री,कवयित्री,काव्यकत्री,marathi,police_bharti
'देव' या शब्दाचे अनेक वचन पुढीलपैकी कोणते ?,देवा,देव्या,देवी,देव,marathi,police_bharti
वाक्यात येणाऱ्या प्रत्येक शब्दाची व्याकरण विषयक संपूर्ण माहिती सांगता येणे याला काय,रं,उपपद विभक्ती,उपपदार्थ,अधिकरणपदपरिस्फोट.,marathi,police_bharti
' लोकांनी आपण होऊन श्रमदान केले ' यो.वाक्यातील आपण या सर्वनामाचा प्रकार ओळखा.,अनुसंबंधी सर्वनाम,आत्मवाचक सर्वनाम,दर्शक सर्वनाम,सर्वनामोत्यन्न सर्वनाम.,marathi,police_bharti
अक्षय ला वारा भाषा येतात या वाक्यातील अधोरेखित शब्दाची जात ....,नाम,विशेषण,धातुसाधित,क्रियाविशेषण,marathi,police_bharti
खालीलपैकी कोणता शब्द विशेषण नाही ते ओळखा ?,गोड,कडू,दहा,मी चे 95धातू म्हणजेशब्दाचे सामान्य रूपशब्दयोगी अव्ययाचा प्रकार,marathi,police_bharti
त्रिशंकू म्हणजे ----,भि 4“) सहज साध्य,त्रिशतक,अधांतरी,यापैकी नाही.,marathi,police_bharti
कटलॅड 9)बॅरन आयलंड ()बारातांग 1))उत्र अंदमान,३० । महाराष्ट्राचे राज्य फुलपाखरु कोणते? ब्र “ब्ल्यु मॉरमॉन,ब्ल्यु मॉर्फो,"मोनार्क बर्टरेफ्लायेश)) ३६ ॥ ०८%, ठार, ज00,?",5110$7४/91४5' डर या शब्दाचा समानार्थी शब्द,marathi,police_bharti
२२५ 80६२५ ९)४४१ 0) ७४१ प,४७ । * हुशार मुलांना गर्व असतो? या वाक्यातील विशेषण ओळखा? च द. 4&)हुशार,मुलांना,गर्व,असतो दे ४८ । मी मनात एक संख्या धरली तिच्यात १५ मिळविले व आलेल्या बेरजेस इ येम संख्या कोणती? र र,marathi,police_bharti
४५ )४८ ९)५० 0)५१,केंद्रीय मंत्रीमंडळ हे ...याना जबाबदार असते?,लोकसभा राष्ट्रपती,विभानसभा,"यापैकी नाही घ्प २८० ,केच्शे,धॅन८, प १५,६८१?",gk,police_bharti
फेसबुक (इन्स्टाग्राम 10)यापैकी नाही,र सत्याचे प्रयोग या पुस्तकाचे लेखक कोण? 4महात्मा जोतीबा फुले,महात्मा गांधी,साने गुरुजी,यापैकी नाही जट कसभा खासदार होण्यासाठी किमान वय किती असावे?,marathi,police_bharti
१८ वर्ष 8)३५ वर्ष ९)२१ वर्ष 1)२५ वर्ष,घोडे बांधण्याच्या जागेस काय म्हणतात?,पागा,गोठा (गोशाला,यापैकी नाही ष्ट्रीय काँग्रेसची स्थापना कोणत्या वर्षी झाली?,marathi,police_bharti
गुगल मॅप 9)इ मेल ९),२ । म्रारत: रुपया: : जपान :? 4&)येन,डॉलर,पौड,यापै ९३ ज्याला मुळीच लिहीता/बवाचता ये,gk,police_bharti
0) व) 1) छा) व 1७),त्याच्या रुंदीच्या तिपटीपेक्षा 2 से.मी. ने जास्त आहे. त्या आयताची परिमिती 76,व),1) व,(१५) एका आयताची लांबी ही त से.मी.असल्यास त्याची लांबी किती २27 से.मी.29 से.मी.9 सेमी.11 से.मी.,math,police_bharti
"एका मोबाईलची किंमत 16,000 रूपये आहे. असे 13 मोबाईल खरेदी केले तर एकूण किती रूपये",लागतील ?,"1,04,000 रूपये","1,08,000 ख्पये","2,08,000 ख्पये2,04,000 ख्प्ये",math,police_bharti
एका शेताची खुरपणी पुर्ण करण्यास 5 मजुरांना 12 दिवस लागतात. तर्‌ 6 मजुरांना किती दिवस लागटं,8 दिवस,6 दिवस,10 दिवस,4 दिवस,math,police_bharti
"पाण्याला निळे म्हटले, निळयाला काळे म्हटले, काळयाला लाल म्हटले, लालला पिवळे म्हटले, पिवळयाला","र हिरवे म्हटले हिरव्याला पांढरे म्हटले, पांढ-याला जांभळे म्हटले, तर दुधाचा रंग कोणता? “0 हिरवा",पांढरा,पिवळा,जांभळा,math,police_bharti
20 (90) 25,16 (100) 34 57,13 क /0 110,100,150,gk,police_bharti
खालील पैकी कोणते भाववाचक नाम नाही ?,नगरे,चांगुलपणा,गुलामगिरी,ता,marathi,police_bharti
राजा घोडयावर बसून निघाला. या वाक्यातील अ लि चेडे,घोडी,घोडया,े,घोडाघो प,marathi,police_bharti
खालीलपैकी कोणते सर्वनाम हे पुरूषवाचनी सर्वनाम नाही,जो,तु,मी,तुम्हीफ्क्तड,marathi,police_bharti
खालीलपैकी अकर्मक कियापद असणारे वाक्य कोणते ?,१ पिंटु खेळताना पडला,गाय दूध देते.,"सुहास लाडू, खातो",आजीने मली गोष्ट सांगितली.फकत अ फक्त९)क)10)व,marathi,police_bharti
खालीलपैकी कोणते तत्पुरूष समासाचे उदाहरण नाही,चोरभय,तोंडपाठ,घरजावई,पापपुण्य,marathi,police_bharti
' साबुदाणा ' हा शब्द कोणत्या भाषेतून आला आहे ?,पोर्तुगीज,फारसी,अरबी,गुजराती,marathi,police_bharti
खालीलपैकी कोणता शब्द उपसर्गघटीत नाही,4&) आमरण,वंदनीय,सुभाषित,हररोज,marathi,police_bharti
सिंहगड 8) प्रतापगड 0) सुवर्णदुर्ग 9) शिवनेरी,_,रत्नागिरी जिल्हयातील खालीलपैकी प्रेक्षनीय स्थळ ओळखा 5”) माचाळ,आंबोली घाट,पन्हाळामुरुड बीच,gk,police_bharti
भारतात होणारे पर्जन्यमान प्रामुख्याने कोणत्या वाऱ्यांमुळे होते?,नैत्रहत्य मोसमी वारे,आम्नेय मोसमी वारे,पूर्वी वारे,उत्तरीय वारे ?3६€ 1 0 13 (ह इत्वाा€त एप 01(टाए इट्बश,reasoning,police_bharti
सन 2023 ची जी-20 शिखर परिषद कोणत्या देशात होत आहे?,अमेरिका,ब्रिटन,कॅनडा,भारत,gk,police_bharti
इंटरपोल या आंतरराष्ट्रीय पोलीस संस्थेचे मुख्यालय कोणत्या शहरात आहे?,न्युयॉर्क,ओटावा,मेलबर्न,लियॉन,gk,police_bharti
कोविड-19 या साथ रोगाची सुरुवात कोणत्या शहरातून झाली असे मानले जाते?,8”) थिंफू,बिजिंग,वुहान,शांघाय,gk,police_bharti
मार्च २०२३ मध्ये अमेरिकेतील कोणती बॅक आर्थीक संकटात सापडली आहे?,4”) एस.एम.बी.,एस.टी.बी.,एस.डी.बी.,एस.व्ही.बी. 28६८2 ० 13 [७ - 5टभ01€0 एपी 01९६1 $टभाशा,gk,police_bharti
डॉ. बाबासाहेब आंबेडकर यांचे मुळ गाव कोणते?,4”) आंबेड,आंबेडे,आंबवडे,आंबडवे,gk,police_bharti
खालीलपैकी पहिली महिला महाराष्ट्र केसरीची मानकरी कोण?,वैष्णवी पाटील,अमृता पुजारी,प्रतिक्षा बागडी,गिता फोगाट,gk,police_bharti
ध्वनीची तीव्रता मोजण्याचे एकक कोणते?,सेल्सीयस,किलोवॅट,मायक्रोमिली,डेसीबल,science,police_bharti
द.सा.दे.शे. 8 दराने रूपये 5000 मुद्दलाबर 3 वर्षाचे चक्याड व्याज किती होईल?,1299.56,1298.56,1297.56,1296.56,math,police_bharti
"12,15,24 था संख्यांचा ल.सा.चि. किती?",121,120,122,123,math,police_bharti
"सुजला चार विषयात 90 पैकी अनुकमे 40,45,42 आणि 43 गुण मिळाले तर",त्याचे गुणांची टक्केवारी किती?,85,86 0०87,84,math,police_bharti
1/3 *1/247/12 < ?,11/12,9/12,13/12,17/12,gk,police_bharti
23 किलो गव्हाची किमत 400 रु. होते तर 39 किलो गव्हाची किंमत किती?,760,770,780,790,math,police_bharti
एका रकमेचे 2 वर्षांचे सरळ व्याज 640 रु. ब चक्रयाद व्याज 672 होते तर ती,महत केली,3300,3400,32003100,math,police_bharti
“आर्द्र” हया शब्दाचा समानाथी शब्द खालीलपैकी कोणता माही?,4“) ओला,दमट,आर्त,भिजलेला,marathi,police_bharti
“अंजली” या तत्सम शब्दाचा तद्‌भव शब्द कोणता ?,हात,कोपर,ऑजळ,दंड 9०६९7 ० 13 [७ - 5टभ01€0 एपी 01९६1 $टभाशा,marathi,police_bharti
“तु त्या राजपुत्राला वर”* या वाक्यातील वर हा शब्द ----- आहे ?,नाम,क्रियापद,शब्दयोगी अध्यय,केवलप्रयोगी अव्यय,marathi,police_bharti
पागोटे* या शब्दाचे लिंग कोणत?,परलिंगी,स्त्रीलिंगी,नपुमर््वसमी,यापैकी कोणीही नाही,marathi,police_bharti
उद्लारदाचक चिन्ह कद्रेणत्या गोष्टींचा निदेश करते?,पसत,दर्णन,भावना,कपशील,gk,police_bharti
'पेशदा” हा शब्द कोणत्या परकीय भाषेतून मराठीमध्ये प्रचलित झालेला आहे?,इंगजी,पोर्लुमीज,फारसी,अर्ची हळहूल 9 ल 13 (हँ 5त्वाहत रॉ 01(टाए इट्बश,marathi,police_bharti
जर शिक्षकदिन मंगळवारी आला असेल तर त्याच वर्षी गांधी जयंती कोणत्या दिवशी,येईल? 8”) बुधवार,मंगळवार,सोमवार,गुरुवार,gk,police_bharti
एक घडयाळ दर तासाला 30 सेकंद मागे पडते सकाळी 8 वाजता लावलेले घडयाळ,संध्याकाळी 8 वाजता किती वेळ दाखवेल? 5») 07:53,07:55,07:54,07:51,math,police_bharti
एका शाळेत मुले व मुली यांचे संख्यांचे गुणोत्तर 5:4 आहे तर पुढीलपैकी कोणती,संख्या ही वर्गसंख्या असणार नाही,423,531,585643,math,police_bharti
एक पेला व एका तांब्यात अनुक्रमे 165 व 210 मिली. पाणी भरले जाते. 15 लिटर,पाणी असलेल्या बादलीतून एक पेला व दोन तांबे पाणी काढल्यास बादलीत किती मिली लीटर पाणी राहिल?,14415,14615,1471514315,math,police_bharti
एका गटातील 15 मुलांची सरासरी वय 17.5 आहे त्या गटात आणखी एक मुलगा,आल्यास सर्वांच्या वर्यांची सरासरी 18 झाल्यास नविन मुलाचे वय काढा?,18.5,19.5,22.525.5 2७६८ 12 01 13 [७ - 5टभ01€0 एपी 01९६1 $टभाशा,math,police_bharti
6 मीटर्‌ लांब व 4 मीटर रूंद खोलीमध्ये 30 से.मी. लांब व 20 से.मी. रुंद,आकाराच्या किती फरश्या बसतील ?,100,200,300400,math,police_bharti
3 मुलाच्या वयाची सरासरी 20 वर्ष असून त्यांचे वयाचे गुणोत्तर 3:4:5 आहे तर,सर्वात मोठया मुलाचे वय किती ? 4») 23,24,25,26,math,police_bharti
३६ पासून ५० पर्यंतच्या संख्याची बेरीज ६१ पासून ८० पर्यतच्या संख्यांच्या बेरजेपेक्षा कितीने कमी,आहे?,६००,६२५,५७५,math,police_bharti
ताशी ६० किमी. वेगाने जाणाऱ्या ४८० मीटर लांबीच्या मालगाडीस ४२० मीटर लांबीचा बोगदा,ओलांडण्यास किती बेळ लागेल ? शै सेकंद सेकंद,५८ सेकंद,५४ सेकंद,१ मीनीट २ सेकंद५० सेकंद %. 1882८ 5 ०1 17,math,police_bharti
समान व्यासांच्या चार नळांनी एक पाण्याची टाकी १/४ तासात भरते. जर त्यापैकी एकाच वेळी तीन,नळ चालु केल्यास ती टाकी भरण्यास किती बेळ लागेल ?,१५ मिनीटे,२५ मिनीटे,२० मिनीटे१८ मिनीटे,math,police_bharti
एका वर्तुळाचा व्यास १४ से.मी. आहे. तर त्याचा परिघ किती,६६ से.मी.,से.मी.,२२ से.मी.,४४ से.मी.,gk,police_bharti
दोन संख्यांचे गुणोत्तर ५:११ आहे. व त्यांच्यातील फरक ९० आहे. तर त्यापैकी लहान संख्या कोणती?,५,१०८,१६५,"२ धु जर (2८ /> (१६१ / ११५), तर 2८ > किती ?",math,police_bharti
एका त्रिकोणाच्या बाह्यकोणांचे गुणोत्तर २:३:४ या प्रमाणात आहे. तर त्या त्रिकोणाच्या सर्वांत लहान,अंतर कोणाचे माप किती ?,२०२,३०९०,४०१६०१,math,police_bharti
३ व्यक्तींच्या वयाची सरासरी २८ आहे आणि त्यांची बये अनुक्रमे ३:४:७ या प्रमाणात आहेत. तर,सर्वात लहान व्यक्तीचे वय किती ?,६ वर्षे,१८ वर्षे,२४ वर्षे१२ वर्षे,math,police_bharti
"दिलेल्या नामाचा प्रकार पर्यायातुन निवडा. ""वात्सल्य""",सामान्य नाम,विशेष नाम,धातुसाधित नाम,भाववाचक नाम,marathi,police_bharti
उपपद 1) मध्यमपदलोपी,खालीलपैकी कोणत्या समासातील सामासिक शब्द हा तिसऱ्या पदाचे विशेषण आहे ?,बहुब्रीही,हंद,"अव्ययीभावतत्पुरुष ""बलाक माला उडता भासे कल्पसुमांची माळची ते."" या वाक्यातील अलंकार ओळखा ?",marathi,police_bharti
"""परटा, येशील कधी परतून ?"" या काव्यातून कोणता रस व्यक्त होतो ?",करुण,शांत,श्रृंगार,हास्य,marathi,police_bharti
'पक्षांचे ठसे' हा काव्यसंग्रह कोणाचा ?,सुधीर मोघे,इंदीरा संत,कवी ग्रेस,ना.धो. महानोर 1882८ 9 ०1 17,marathi,police_bharti
सायंकाळी ६.०० वाजता अमोल ग्रामपंचायतीत वसला होता. त्याच्या उजव्या बाजूच्या रै,खिडकोतून प्रकाश किरणे आत येत होती. अमोलचे तोंड कोणत्या दिशेस असेल ?,पश्‍चिम,उत्तर 0 पुर्व,दक्षिण,reasoning,police_bharti
एका सांकेतिक भाषेत !(1.)/1 हे १११२१३ असे लिहीतात. तर 070 हे कसे लिहीतात?,च १५१६१७,१८१९२०,१९२०२१,२२२३२४,reasoning,police_bharti
"अरबटचरबट, अबटचरबट, अटचरबट, अचरबट, ?",चरबट,अरबट,अचबट,अबटच,gk,police_bharti
वडिलांचे आजचे वय मुलाच्या आजच्या वयाच्या ४ पट आहे. आणखी चार वर्षांनी वडिलांचे बय,"मुलाच्या त्यावेळच्या वयाच्या तीन पट होईल, मुलाचे आजचे वय किती?",१० वर्षे,१२ वर्षे,वर्षे६ वर्षे,math,police_bharti
सीता व गीता यांच्या आजच्या वयाचे गुणोत्तर ६:५ आहे. दोन वर्षापुर्वी त्यांच्या वयाचे गुणोत्तर ५:४,"होते, तर सीताचे आजचे वय किती ?",१२ वर्षे,१४ वर्षे,६ वर्षे१५ वर्षे,math,police_bharti
घडयाळात ८ वाजून २० मिनीटे झाली असताना तास काटा व मिनीट काटा यांच्यात किती अंश मापाचा,कोन होतो ?,१२०१,१४०,१५०११३०९,reasoning,police_bharti
दुपारी १२ वाजलेपासून त्याच दिवशी सायंकाळी ६ वाजेपर्यंत मिनीट काटा व तास काटा यांच्यामध्ये,किती वेळा काटकोन होईल ?,१० बेळा,६ वेळा,१२ वेळा११ वेळा,reasoning,police_bharti
"दशारथचे वय सोहमच्या बयाच्या तिप्पट आहे. दोघांच्या वयातील फरक १६ वर्षे असल्यास, त्या दोघांच्या. ८ शः -",वयाची बेरीज किती ? धे कि ४ घी त > 4”) २४ वर्षे,३२ वर्षे,इन्वर्े,४८ वर्षे ण ट्र,math,police_bharti
पुरुष एकेरी ऑस्ट्रेलियन ओपन ग्रॅण्ड स्लॅम - २०२३ खालीलपैकी कोणी जिंकले ?,र,स्टेफानोस टी.,नोवोक जोकोविच,रॉजर फेडरर 1रफेल नदाल,gk,police_bharti
पहिली डार्क स्काय रिझर्व्ह म्हणुन भारतातली कोणत्या वाईल्ड लाईफ सँक्चुरीचा भाग घोषित करण्यात,आला?,चांगथांग वाईल्ड,चक्रशिला वाईल्ड,काराकोरम वाईल्डपोबीतोरा वाईल्ड लाईफ सँक्चुरी लाईफ सँक्चुरी लाईफ सँक्चुरी लाईफ सँक्वुरी,math,police_bharti
खालीलपैकी शुद्ध शब्द ओळखा.,40 प्रगतीशील,कोट्याधीश,अनुसया,"(झो) ग्रंथामध्ये इतरांनी मागाहून घातलेला मजकूर"" या अर्धाचा खालीलपैकी कोणता शब्द आहे ?",marathi,police_bharti
अयोग्य जोडी ओळखा.,"वेलींचा - कुंज, मडक्यांची - उतरंड, महिलांचे - मंडळ, माकडांचा - कळप 40 माकडांचा - कळप",महिलांचे - मंडळ ->€) मडक्‍्यांची - उतरंड,वेलींचा - कुंज (5 'अश्वत्थ' या शब्दासाठी समानार्थी शब्द कोणता आहे ?,वडउंबरपिंपळ ०७ कदंब,marathi,police_bharti
खालीलपैकी विसंगत पर्याय ओळखा.,"31-१८ 15 न 0*७ ९६4 «8 ९«0०(च्24 ०७ इ-&-०0-> ७ संख्यामालिका पूर्ण करा. - 3, 7, 16, 32, 57, 93, 142. ?",205,207 ० २06,यापैकी नाही,reasoning,police_bharti
रातांधळेपणा हा आजार खालीलपैकी कोणत्या जीवनसत्त्वांच्या अभावाने होतो !,जीवनसत्त्व 'अ,जीवनसत्त्व 'ब',जीवनसत्त्व 'क,जीवनसत्त्व षा,science,police_bharti
खालील वाक्याचा काळ ओळखा ?,“प्री रस्त्याने जात असेन”.,साधा भविष्यकाळ,अपुर्ण भविष्यकाळ,रिती भविष्यकाळपण पवाह,marathi,police_bharti
'भाकडकथा' या शब्दाचा योग्य अर्थ ओळखा ?,निरर्थक गोष्टी,भाषण चातुर्य,गप्पागोष्टी,जातककथा,marathi,police_bharti
अधोरेखीत शब्दाची विभक्ती ओळखा ?,कविताची बहिण हुशार आहे.,पंचमी छो षष्ठी,तृतीया,प्रथमा,marathi,police_bharti
खालीलपैकी शुध्द शब्द ओळखा ?,>,तात्पर्य,ताप्तर्य,तातपर्य॑तातप्रय (29. खालील शब्दाचा अर्थ सांगा ? जरबदशरधोकादृष्टनिर्विकार,marathi,police_bharti
संधी सोडवा ? अरुणाचल,अरु * आचल,-अरुण «* अचल,अरुणा * अचल,अरुणा * आचल,marathi,police_bharti
खालील वाक्यातील क्रियापदाचा प्रकार ओळखा ?,“मी सिनेमा पाहतो',सकर्मक,अकर्मक,प्रयोजकशक्‍य (32 खालीलपैकी शुध्द शब्द ओळखा ? (201र्भत्लनानिर्भत्ससानीर्भत्ससानिभत्सन्ना,marathi,police_bharti
'मराठी भाषा गौरव दिवस” खालीलपैकी कोणत्या साहित्यिकाच्या स्मृतीदिनी साजरा,. केला जातो ?,मंगेश पाडगावकर,कुसुमाग्रज,सुरेश भटबा.भ.बोरकर,math,police_bharti
महाराष्ट्राचे सध्याचे राज्यपाल कोण आहेत ?,"रमेश बैस,",रामनाथ कोविंद,भगतसिंह कोश्यारी,द्रौपदी मुर्मू,gk,police_bharti
महिला ॥१| 2023 खालीलपैकी कोणी जिंकली ?,मुंबई इंडियन,दिल्ली कॅपिटल्स,गुजरात जायंटूस॒,युपी वॉरीयर्स,gk,police_bharti
- 20 बैठकीचे या वर्षीचे घोषवाक्य काय आहे ?,मातृ देवो भव,सत्यमेव जयते (टा वसुधैव कुटुम्बकम,यापैकी नाही ज्र (10 चे सध्याचे अध्यक्ष कोण आहेत ? (&ोसिष्दार्थ मोहंती,एम.आर.कुमारमाधव कौशिकयापैकी नाही,gk,police_bharti
'कोसला' या प्रसिध्द कादंबरीचे लेखक कोण ?,नामदेव ढसाळ,भालचंद्र नेमाडे,बाबूराव बागूल,नरहर कुरूंदकर,marathi,police_bharti
'ग्रामगीता' कोणी लिहीली आहे ?,संत गाडगेबाबा,सत तुकडोजी महाराज,विनोबा भावे,लोकमान्य टिळक,marathi,police_bharti
भिन शब्द ओळखा ?,"आईस्कीम, बर्फ, पाणी, वाफ 20 आईस्कीम",बर्फ,पाणी,वाफ,marathi,police_bharti
मालिका पुर्ण करा. ?,"1215, 2430, 3645, 4860, रै",6861,1860 216075,4960,reasoning,police_bharti
गोो प्रकल्प यवतमाळ जिल्ह्यातील कोणत्या तालुक्यात आहे ?,दारव्हा,मारेगांव,महागांव,घाटंजी,gk,police_bharti
जनगणना 201 1 प्रमाणे यवतमाळ जिल्ह्याचे स्त्री-पुरुष प्रमाण किती आहे ?,(935,931,946,952,math,police_bharti
पुसद शहराचे प्राचान नाव कोणते होते?,पृष्पवती नगरी,पुसनगरी,पौषनगरी,पुष्पधरा,gk,police_bharti
अर्नाळा घुळे,>,कर्नाळा,सातारा [प,अजिंक्यतारापालघर,gk,police_bharti
5:50::9:7? पज,(अआ95,162,60,10012_,gk,police_bharti
0: ४84 2 एक: ? कि निते,होर,15,100,1. धा म च,gk,police_bharti
संदर्भ साहित्य : शब्दकोष :: नियतकालिक : ?,चरित्र,बतंमानपत्र,पुस्तक,नकाशासंप्रह ह... : 071. 13:41 1 12 4::-.:- «4... ऑल,marathi,police_bharti
बगळा घटक शोधा. ह,(अ लोखंड,अँल्युमिनिअय,ग्रॅफाईट,सोडिअम १ व व.पाटसाडअम,gk,police_bharti
"जर 989६1२ > 56, 9६३३९11. > 59 तर 7715 >?",73,74,75,76 25. व्यासपीठावर एाणाणएटाणारराकफकक्‍फकफकफऊऊक्‍कक्‍कक्‍कक्‍ कक क क्कककककककककककककक ोोितवितीती ति हर,gk,police_bharti
"/& आणि 9 हे दोघे भाऊ आहेत. (* आणि 13 बहिणी आहेत, / चा मुलगा 1) चा भाऊ आहे, तर 9 चे ( 28. पुसद शहराचे",बरोबर असलेले नाते काय?,पृष्पवती,बडोल,माऊआजोबाकाका 29. योग्य जोड्या ल,reasoning,police_bharti
२22 ते 32 पर्यंतच्या एकूण विषम संख्या किती?,15,14,18,30,math,police_bharti
"रामपास्त 101 पायऱ्या चढून एका देवालयात जातो, वर जाताना त्याने प्रत्येक पायरीजर ति९",क्रामांस्छाऐवढी फुले ठेवली तर त्यास एकूण किती फुले स!बत न्याबी लागतील ?,4.550,"5,550","5,151 त. क आ. 0, 102. 103: 100: <-.<-०----<----- * 200 यांची बेरीज किती ?1 5050 _150001605015025___",math,police_bharti
"जर (& आहे “भागाकार* आणि $ आहे 'गुणाकार', तर खालीलपैकी सर्वात मोठा पर्याय कोणता आहे ?",24 (2 5,1.58 2.5,29 ७ 4,3$2.5/ __,math,police_bharti
एका वर्गांत मुलींची संख्या मुलांच्या संख्येच्या तिप्पट आहे तर खालीलपैकी कोणती संख्या त्या वगांतील,एकूण पट दशंविणार नाही? बड न,35,35,40128 र त1285 डा उत 8. ३02९ 39 ६... क...> तुआ आ पट आ सा ना 6१35; कढ ३१ र ब एडहुट 0०. 8 0 किण भत 70,math,police_bharti
"“होळ चाके, श्प्रपोगी अख्यवषतून कोणता घाब व्यक्त होतो? र ह",तुच्छता,'तरस्तातर,आश्‍चचं,विरोध,marathi,police_bharti
"“निम आले, तर मी येईन."" या थाक्यातील अर्थ",द च,आज्ञाचं,तिप्यथी,संकेतार्थ (क आहाचतिप्ययीक...,marathi,police_bharti
शुच्दलेखनदृच्ट्या अचूक राळ मोडा प्रतिक्ल,एतीचुजन,प्रतीक,प्रतिकूल,प्रतिकुल च वि वा,science,police_bharti
"'डेळापुढे सत्तत जळणारा दिवा' य! शब्ःसमूहासाठी योग्य शब्द नियडा, जळ",सण हिला,नंदादोप,सई,"निरांजन ""स्स्स से",marathi,police_bharti
सुरेश्षला परीक्षेत 700 पैको 595 गुण मिळाले तर त्याला शेकडा किती गुण मिळाले ? ः,90%,70%,85% _,80% __,gk,police_bharti
हिराची दर महिन्याची बचत रु. 650 आहे. दरवर्षी 34% व्याज तिच्या खात्यावर जमा होते. तर प्रत्येक,महिन्याला किती व्याज मिळले ?,255 रु.,19.12 रु.,221 रु.405 रु.,math,police_bharti
चंद्रोदय' या शब्दाचा योग्य संधी विग्रह कोणता?,चंद्र ५ ओदय,चंद्र * उदय,चंद्रो - उदय,चंद्रो- दय____,marathi,police_bharti
पुढील नामाचा प्रकार ओळखा -- “चांगुलपणा”,विशेषनाम,सामान्यनाम,भाववाचकनाम,सर्वनाम,marathi,police_bharti
खाली दिलेल्या शब्दांपैकी *विशेषनाम' ओळखा.,भारत,गाय,वृक्ष,विद्यार्थी,marathi,police_bharti
खारट'* या शब्दाची जात कोणती?,सर्वनाम,विशेषण,क्रियापद,क्रियाविशेषण,marathi,police_bharti
खालीलपैकी योग्य *उद्‌गारवाचक' वाक्य ओळखा.,केवढा मोठा साप आहे,साप खूप मोठा आहे का?,केवढा मोठ्ठा साप आहे नाही !,अरे बापरे ! केवढा मोठ्ठा साप...!,marathi,police_bharti
मी ग्रंथ वाचत जाईन' या वाक्याचा काळ ओळखा.,रीतो भूतकाळ,रीती वर्तमानकाळ,रीती भविष्यकाळ,पूर्ण रोती भविष्यकाळ,marathi,police_bharti
खालीलपैकी कोणता शब्द तिन्ही लिंगांत सोयीस्करपणे वापरला जातो ?,बाग,मुंगूस,पोर,बेळ,marathi,police_bharti
त्याचा मोठा भाऊ गावी गेला. या वाक्याचा प्रकार ओळखा.,विधानार्थी,प्रशनार्थी,उद्‌गारार्थी,होकारार्थी पती म 3.8 २.42): 22334 23:,marathi,police_bharti
रहराष्ट्र पोलोस दलात रैझींग डे (ध्वजप्रदान दिन) म्हणून कोणता दिवस साजरा करण्यात येतो ?,2 जानेवारी ___,2 फेब्रुवारी,2 मार्च,2 एप्रिल,math,police_bharti
गरहाउंडस हे पोलोसांचे पथक कोणत्या कायांसाठी स्थापन केले आहे?,दहशतवाद विरोधी,नक्षल विरोधी,दंगा काबुसाठी,गुन्हे शोध कामासाठी,math,police_bharti
अहारष्ट्र राज्याच्या पोलीस ध्वजावर अभयनिदर्शक असेंकोणतेघत्रिआहे? राज्याच्या ध्वजावर असे गृ,(आ हाताचा पंजा,सिंहमुद्रा,चरखा,अशोक चक्र,gk,police_bharti
0015 हो कृती योजना कोणत्या रोगाशी संबंधीत आहे?,एड्स,रेबीज,क्षय,पोलीओ,science,police_bharti
चिकणगुणिया हा रोग ............. होतो.,विषाणूयासून _,जीवाणूपासून,कवकापासून _,प्रोटोझोआपासून,science,police_bharti
गंगापूर 1७) बुलढाणा प,"3-- आ, 0-२ 1-1 -","3-* 1४, ७-२ म शः ल कू","3- ॥॥,७-. चि, आ. 0-1","3-२, ७-०. 8 2:45 न्या",gk,police_bharti
फणसाड अभयारण्य 1४) उस्मानाबाद बब.,"डऊ-*॥, ७-२, ८९-1४ ॥- म","ढ- य, ७-1, 6८-19, 0-.","(क) - 1४. ७-1, 6-८ प,०- आरा (6-७ - 1४, -« या क...",सिंधूदुर्ग (य जक उडद! पांडकोल्हापूर _कोल्हापूरसातारा न,marathi,police_bharti
कवी कुलगुरु कालिदास संस्कृत विद्यापीठ......_..___ या शहरात स्थित आहे.,वर्धा,रामटेक,उमरेड,अमरावलो कच्या 7:71 गावत स अ. त,marathi,police_bharti
महात्मा ज्योतोबा फुले रिसर्च अण्ड ट्रेनिंग इन्स्टिट्युट/महाज्योती एत&पम&ाशता) चे मुख्यालय कर.,येथे आहे.,पुणे,गडचिरोली,मुंबई की आामापूर उरे ---- निरीमुंबई क.,math,police_bharti
संयुक्त महाराष्ट्र चळवळीची जनतेला माहिती होण्यासाठी प्र. के. अत्रे यांनी कोणते दैनिक सुरु केले होते:,नवा काळ,मौज,दै. पराठा,प्रभात 50. बतकळ जिल्यात वाअळदयड र अ“ 3 नचा नवच र,marathi,police_bharti
यसतमाळ जिल्ह्यात _._..... या आदिवासी जमाती आढळतात.,कक की पपच हः,गोंड,कोलाम,कोलामपरधानयापैकी सर्वच छ्त्रपती संभाजी महाराजांनी कोणता ग्रंथ लिहीला ? च्झ महर पठ. 6 त 1,gk,police_bharti
